Sensor_ID,Clock_Drift_ms
H4,-23.697954126970217
H5,16.211553440378566
